日期,委托时间,品种,标的,交易类型,下单类型,成交数量,成交价,成交额,委托数量,委托价格,平仓盈亏,手续费,状态,最后更新时间
2025-07-24,09:30:20,股票,优彩资源(002998.XSHE),买,市价单,1300股,7.47,9711,1300股,-,0,5,全部成交,2025-07-24 09:30:20
2025-07-24,09:30:20,股票,梅轮电梯(603321.XSHG),买,市价单,1200股,8.18,9816,1200股,-,0,5,全部成交,2025-07-24 09:30:20
2025-07-24,09:30:20,股票,我乐家居(603326.XSHG),买,市价单,1100股,8.93,9823,1100股,-,0,5,全部成交,2025-07-24 09:30:20
2025-07-24,09:30:20,股票,双箭股份(002381.XSHE),买,市价单,1400股,7,9800,1400股,-,0,5,全部成交,2025-07-24 09:30:20
2025-07-24,09:30:20,股票,锦和商管(603682.XSHG),买,市价单,1600股,6.06,9696,1600股,-,0,5,全部成交,2025-07-24 09:30:20
2025-07-24,09:30:20,股票,胜利股份(000407.XSHE),买,市价单,2800股,3.51,9828,2800股,-,0,5,全部成交,2025-07-24 09:30:20
2025-07-24,09:30:20,股票,瑞尔特(002790.XSHE),买,市价单,1300股,7.55,9815,1300股,-,0,5,全部成交,2025-07-24 09:30:20
2025-07-24,09:30:20,股票,众兴菌业(002772.XSHE),买,市价单,1200股,8.22,9864,1200股,-,0,5,全部成交,2025-07-24 09:30:20
2025-07-24,09:30:20,股票,鹭燕医药(002788.XSHE),买,市价单,1100股,8.62,9482,1100股,-,0,5,全部成交,2025-07-24 09:30:20
2025-07-24,09:30:20,股票,永清环保(300187.XSHE),买,市价单,1800股,5.44,9792,1800股,-,0,5,全部成交,2025-07-24 09:30:20
2025-08-01,09:30:20,股票,胜利股份(000407.XSHE),卖,市价单,-2800股,3.4,-9520,-2800股,-,-308,14.52,全部成交,2025-08-01 09:30:20
2025-08-01,09:30:20,股票,金洲管道(002443.XSHE),买,市价单,1700股,6.91,11747,1700股,-,0,5,全部成交,2025-08-01 09:30:20
2025-09-01,09:30:20,股票,永清环保(300187.XSHE),卖,市价单,-1800股,5.29,-9522,-1800股,-,-270,14.52,全部成交,2025-09-01 09:30:20
2025-09-01,09:30:20,股票,金洲管道(002443.XSHE),卖,市价单,-1700股,7.14,-12138,-1700股,-,391,17.14,全部成交,2025-09-01 09:30:20
2025-09-01,09:30:20,股票,永东股份(002753.XSHE),买,市价单,1500股,7.03,10545,1500股,-,0,5,全部成交,2025-09-01 09:30:20
2025-09-01,09:30:20,股票,汇洁股份(002763.XSHE),买,市价单,1500股,7.05,10575,1500股,-,0,5,全部成交,2025-09-01 09:30:20
2025-09-15,14:00:00,股票,众兴菌业(002772.XSHE),卖,市价单,-1200股,9.85,-11820,-1200股,-,1956,16.82,全部成交,2025-09-15 14:00:00
2025-09-15,14:00:00,股票,通程控股(000419.XSHE),买,市价单,2000股,6.13,12260,2000股,-,0,5,全部成交,2025-09-15 14:00:00
2025-09-24,14:00:00,股票,优彩资源(002998.XSHE),卖,市价单,-1300股,8.51,-11063,-1300股,-,1352,16.06,全部成交,2025-09-24 14:00:00
2025-10-09,09:30:20,股票,鹭燕医药(002788.XSHE),卖,市价单,-1100股,8.08,-8888,-1100股,-,-594,13.89,全部成交,2025-10-09 09:30:20
2025-10-09,09:30:20,股票,优彩资源(002998.XSHE),买,市价单,1100股,8.79,9669,1100股,-,0,5,全部成交,2025-10-09 09:30:20
2025-10-09,09:30:20,股票,威奥股份(605001.XSHG),买,市价单,1300股,7.61,9893,1300股,-,0,5,全部成交,2025-10-09 09:30:20
2025-11-03,09:30:20,股票,瑞尔特(002790.XSHE),卖,市价单,-1300股,13.2,-17160,-1300股,-,7345,22.31,全部成交,2025-11-03 09:30:20
2025-11-03,09:30:20,股票,永东股份(002753.XSHE),卖,市价单,-1500股,7.19,-10785,-1500股,-,240,15.78,全部成交,2025-11-03 09:30:20
2025-11-03,09:30:20,股票,金鹰股份(600232.XSHG),买,市价单,2100股,6.8,14280,2100股,-,0,5,全部成交,2025-11-03 09:30:20
2025-11-03,09:30:20,股票,泰山石油(000554.XSHE),买,市价单,2100股,6.79,14259,2100股,-,0,5,全部成交,2025-11-03 09:30:20
2025-12-01,09:30:20,股票,金鹰股份(600232.XSHG),卖,市价单,-2100股,7.16,-15036,-2100股,-,756,20.04,全部成交,2025-12-01 09:30:20
2025-12-01,09:30:20,股票,永清环保(300187.XSHE),买,市价单,2900股,5.33,15457,2900股,-,0,5,全部成交,2025-12-01 09:30:20
2025-12-22,14:00:00,股票,通程控股(000419.XSHE),卖,市价单,-2000股,6.83,-13660,-2000股,-,1400,18.66,全部成交,2025-12-22 14:00:00
2025-12-22,14:00:00,股票,神奇制药(600613.XSHG),买,市价单,2100股,6.35,13335,2100股,-,0,5,全部成交,2025-12-22 14:00:00
2025-12-29,14:00:00,股票,汇洁股份(002763.XSHE),卖,市价单,-1500股,8.48,-12720,-1500股,-,2595,17.72,全部成交,2025-12-29 14:00:00
2026-01-05,09:30:20,股票,汇洁股份(002763.XSHE),买,市价单,1700股,7.32,12444,1700股,-,0,5,全部成交,2026-01-05 09:30:20
2026-01-14,14:00:00,股票,锦和商管(603682.XSHG),卖,市价单,-1600股,7.38,-11808,-1600股,-,2288,16.81,全部成交,2026-01-14 14:00:00
2026-01-14,14:00:00,股票,通程控股(000419.XSHE),买,市价单,1900股,6.35,12065,1900股,-,0,5,全部成交,2026-01-14 14:00:00
2026-01-30,14:00:00,股票,泰山石油(000554.XSHE),卖,市价单,-2100股,8.61,-18081,-2100股,-,3822,23.51,全部成交,2026-01-30 14:00:00
2026-01-30,14:00:00,股票,锦和商管(603682.XSHG),买,市价单,2600股,6.98,18148,2600股,-,0,5.44,全部成交,2026-01-30 14:00:00
2026-02-02,09:30:20,股票,通程控股(000419.XSHE),卖,市价单,-1900股,6.5,-12350,-1900股,-,285,17.35,全部成交,2026-02-02 09:30:20
2026-02-02,09:30:20,股票,瑞尔特(002790.XSHE),买,市价单,1400股,8.49,11886,1400股,-,0,5,全部成交,2026-02-02 09:30:20
2026-02-12,14:00:00,股票,锦和商管(603682.XSHG),卖,市价单,-2600股,7.88,-20488,-2600股,-,2340,26.63,全部成交,2026-02-12 14:00:00
2026-02-12,14:00:00,股票,通程控股(000419.XSHE),买,市价单,3200股,6.56,20992,3200股,-,0,6.3,全部成交,2026-02-12 14:00:00
2026-02-26,14:00:00,股票,优彩资源(002998.XSHE),卖,市价单,-1100股,8.94,-9834,-1100股,-,297,14.83,全部成交,2026-02-26 14:00:00
2026-02-26,14:00:00,股票,锦和商管(603682.XSHG),买,市价单,1200股,8.26,9912,1200股,-,0,5,全部成交,2026-02-26 14:00:00
2026-03-02,09:30:20,股票,永清环保(300187.XSHE),卖,市价单,-2900股,5.79,-16791,-2900股,-,1334,21.83,全部成交,2026-03-02 09:30:20
2026-03-02,09:30:20,股票,锦和商管(603682.XSHG),卖,市价单,-1200股,8.29,-9948,-1200股,-,36,14.95,全部成交,2026-03-02 09:30:20
2026-03-02,09:30:20,股票,优彩资源(002998.XSHE),买,市价单,1500股,8.87,13305,1500股,-,0,5,全部成交,2026-03-02 09:30:20
2026-03-02,09:30:20,股票,津滨发展(000897.XSHE),买,市价单,5900股,2.27,13393,5900股,-,0,5,全部成交,2026-03-02 09:30:20
2026-04-01,09:30:20,股票,津滨发展(000897.XSHE),卖,市价单,-5900股,2.14,-12626,-5900股,-,-767,17.63,全部成交,2026-04-01 09:30:20
2026-04-01,09:30:20,股票,锦泓集团(603518.XSHG),买,市价单,1400股,9.01,12614,1400股,-,0,5,全部成交,2026-04-01 09:30:20
2026-05-06,09:30:20,股票,汇洁股份(002763.XSHE),卖,市价单,-1700股,9.64,-16388,-1700股,-,3944,21.39,全部成交,2026-05-06 09:30:20
2026-05-06,09:30:20,股票,永清环保(300187.XSHE),买,市价单,2800股,5.71,15988,2800股,-,0,5,全部成交,2026-05-06 09:30:20
2026-06-01,09:30:20,股票,双箭股份(002381.XSHE),卖,市价单,-1400股,5.78,-8092,-1400股,-,-1708,13.09,全部成交,2026-06-01 09:30:20
2026-06-01,09:30:20,股票,锦泓集团(603518.XSHG),卖,市价单,-1400股,8.89,-12446,-1400股,-,-168,17.45,全部成交,2026-06-01 09:30:20
2026-06-01,09:30:20,股票,永清环保(300187.XSHE),卖,市价单,-2800股,5.79,-16212,-2800股,-,224,21.21,全部成交,2026-06-01 09:30:20
2026-06-01,09:30:20,股票,道道全(002852.XSHE),买,市价单,1500股,7.97,11955,1500股,-,0,5,全部成交,2026-06-01 09:30:20
2026-06-01,09:30:20,股票,湖南海利(600731.XSHG),买,市价单,2200股,5.63,12386,2200股,-,0,5,全部成交,2026-06-01 09:30:20
2026-06-01,09:30:20,股票,龙源技术(300105.XSHE),买,市价单,2000股,6.16,12320,2000股,-,0,5,全部成交,2026-06-01 09:30:20
2026-06-09,14:00:00,股票,龙源技术(300105.XSHE),卖,市价单,-2000股,7.05,-14100,-2000股,-,1780,19.1,全部成交,2026-06-09 14:00:00
2026-06-09,14:00:00,股票,天禾股份(002999.XSHE),买,市价单,2500股,5.97,14925,2500股,-,0,5,全部成交,2026-06-09 14:00:00
2026-07-01,09:30:20,股票,梅轮电梯(603321.XSHG),卖,市价单,-1200股,5.69,-6828,-1200股,-,-2928,11.83,全部成交,2026-07-01 09:30:20
2026-07-01,09:30:20,股票,神奇制药(600613.XSHG),卖,市价单,-2100股,4.43,-9303,-2100股,-,-3885,14.3,全部成交,2026-07-01 09:30:20
2026-07-01,09:30:20,股票,瑞尔特(002790.XSHE),卖,市价单,-1400股,5.37,-7518,-1400股,-,-4347,12.52,全部成交,2026-07-01 09:30:20
2026-07-01,09:30:20,股票,湖南海利(600731.XSHG),卖,市价单,-2200股,5.08,-11176,-2200股,-,-1210,16.18,全部成交,2026-07-01 09:30:20
2026-07-01,09:30:20,股票,天禾股份(002999.XSHE),卖,市价单,-2500股,5.28,-13200,-2500股,-,-1725,18.2,全部成交,2026-07-01 09:30:20
2026-07-01,09:30:20,股票,克明食品(002661.XSHE),买,市价单,1300股,6.92,8996,1300股,-,0,5,全部成交,2026-07-01 09:30:20
2026-07-01,09:30:20,股票,北鼎股份(300824.XSHE),买,市价单,1300股,7.2,9360,1300股,-,0,5,全部成交,2026-07-01 09:30:20
2026-07-01,09:30:20,股票,恒丰纸业(600356.XSHG),买,市价单,1300股,7.41,9633,1300股,-,0,5,全部成交,2026-07-01 09:30:20
2026-07-01,09:30:20,股票,溢多利(300381.XSHE),买,市价单,1700股,5.62,9554,1700股,-,0,5,全部成交,2026-07-01 09:30:20
2026-07-01,09:30:20,股票,丽尚国潮(600738.XSHG),买,市价单,2700股,3.57,9639,2700股,-,0,5,全部成交,2026-07-01 09:30:20
2026-07-03,14:00:00,股票,优彩资源(002998.XSHE),卖,市价单,-1500股,7.54,-11310,-1500股,-,-1740,16.31,全部成交,2026-07-03 14:00:00
2026-07-03,14:00:00,股票,金陵饭店(601007.XSHG),买,市价单,1900股,6.32,12008,1900股,-,0,5,全部成交,2026-07-03 14:00:00
